{
  "movies": [
    {
      "poster_path": "http://image.tmdb.org/t/p/w300/9O7gLzmreU0nGkIB6K3BsJbzvNv.jpg",
      "adult": false,
      "overview": "Framed in the 1940s for the double murder of his wife and her lover, upstanding banker Andy Dufresne begins a new life at the Shawshank prison, where he puts his accounting skills to work for an amoral warden. During his long stretch in prison, Dufresne comes to be admired by the other inmates -- including an older prisoner named Red -- for his integrity and unquenchable sense of hope.",
      "release_date": "1994-09-10",
      "id": 278,
      "original_title": "The Shawshank Redemption",
      "original_language": "en",
      "title": "The Shawshank Redemption 2",
      "backdrop_path": "http://image.tmdb.org/t/p/w300/xBKGJQsAIeweesB79KC89FpBrVr.jpg",
      "popularity": 6.51295,
      "vote_count": 5223,
      "video": false,
      "vote_average": 8.32,
      "genres": [
        "Drama",
        "Crime"
      ]
    },
    {
      "poster_path": "http://image.tmdb.org/t/p/w300/lIv1QinFqz4dlp5U4lQ6HaiskOZ.jpg",
      "adult": false,
      "overview": "Under the direction of a ruthless instructor, a talented young drummer begins to pursue perfection at any cost, even his humanity.",
      "release_date": "2014-10-10",
      "id": 244786,
      "original_title": "Whiplash",
      "original_language": "en",
      "title": "Whiplash",
      "backdrop_path": "http://image.tmdb.org/t/p/w300/6bbZ6XyvgfjhQwbplnUh1LSj1ky.jpg",
      "popularity": 8.13993,
      "vote_count": 2045,
      "video": false,
      "vote_average": 8.29,
      "genres": [
        "Drama",
        "Music"
      ]
    },
    {
      "poster_path": "http://image.tmdb.org/t/p/w300/d4KNaTrltq6bpkFS01pYtyXa09m.jpg",
      "adult": false,
      "overview": "The story spans the years from 1945 to 1955 and chronicles the fictional Italian-American Corleone crime family. When organized crime family patriarch Vito Corleone barely survives an attempt on his life, his youngest son, Michael, steps in to take care of the would-be killers, launching a campaign of bloody revenge.",
      "release_date": "1972-03-15",
      "id": 238,
      "original_title": "The Godfather",
      "original_language": "en",
      "title": "The Godfather",
      "backdrop_path": "http://image.tmdb.org/t/p/w300/6xKCYgH16UuwEGAyroLU6p8HLIn.jpg",
      "popularity": 5.329494,
      "vote_count": 3562,
      "video": false,
      "vote_average": 8.26,
      "genres": [
        "Drama",
        "Crime"
      ]
    },
    {
      "poster_path": "http://image.tmdb.org/t/p/w300/nBNZadXqJSdt05SHLqgT0HuC5Gm.jpg",
      "adult": false,
      "overview": "Interstellar chronicles the adventures of a group of explorers who make use of a newly discovered wormhole to surpass the limitations on human space travel and conquer the vast distances involved in an interstellar voyage.",
      "release_date": "2014-11-05",
      "id": 157336,
      "original_title": "Interstellar",
      "original_language": "en",
      "title": "Interstellar",
      "backdrop_path": "http://image.tmdb.org/t/p/w300/xu9zaAevzQ5nnrsXN6JcahLnG4i.jpg",
      "popularity": 11.190076,
      "vote_count": 5579,
      "video": false,
      "vote_average": 8.12,
      "genres": [
        "Adventure",
        "Drama",
        "Science Fiction"
      ]
    },
    {
      "poster_path": "http://image.tmdb.org/t/p/w300/s0C78plmx3dFcO3WMnoXCz56FiN.jpg",
      "adult": false,
      "overview": "A boy growing up in Dublin during the 1980s escapes his strained family life by starting a band to impress the mysterious girl he likes.",
      "release_date": "2016-04-15",
      "id": 369557,
      "original_title": "Sing Street",
      "original_language": "en",
      "title": "Sing Street",
      "backdrop_path": "http://image.tmdb.org/t/p/w300/9j4UaRypr19wz0BOofwvkPRm1Se.jpg",
      "popularity": 3.576585,
      "vote_count": 55,
      "video": false,
      "vote_average": 8.1,
      "genres": [
        "Romance",
        "Drama",
        "Music"
      ]
    },
    {
      "poster_path": "http://image.tmdb.org/t/p/w300/tHbMIIF51rguMNSastqoQwR0sBs.jpg",
      "adult": false,
      "overview": "The continuing saga of the Corleone crime family tells the story of a young Vito Corleone growing up in Sicily and in 1910s New York; and follows Michael Corleone in the 1950s as he attempts to expand the family business into Las Vegas, Hollywood and Cuba",
      "release_date": "1974-12-20",
      "id": 240,
      "original_title": "The Godfather: Part II",
      "original_language": "en",
      "title": "The Godfather: Part II",
      "backdrop_path": "http://image.tmdb.org/t/p/w300/gLbBRyS7MBrmVUNce91Hmx9vzqI.jpg",
      "popularity": 4.31905,
      "vote_count": 1890,
      "video": false,
      "vote_average": 8.1,
      "genres": [
        "Drama",
        "Crime"
      ]
    },
    {
      "poster_path": "http://image.tmdb.org/t/p/w300/yPisjyLweCl1tbgwgtzBCNCBle.jpg",
      "adult": false,
      "overview": "Told from the perspective of businessman Oskar Schindler who saved over a thousand Jewish lives from the Nazis while they worked as slaves in his factory. Schindler’s List is based on a true story, illustrated in black and white and controversially filmed in many original locations.",
      "release_date": "1993-11-29",
      "id": 424,
      "original_title": "Schindler's List",
      "original_language": "en",
      "title": "Schindler's List",
      "backdrop_path": "http://image.tmdb.org/t/p/w300/rIpSszng8P0DL0TimSzZbpfnvh1.jpg",
      "popularity": 5.913213,
      "vote_count": 2297,
      "video": false,
      "vote_average": 8.07,
      "genres": [
        "Drama",
        "History",
        "War"
      ]
    },
    {
      "poster_path": "http://image.tmdb.org/t/p/w300/eqFckcHuFCT1FrzLOAvXBb4jHwq.jpg",
      "adult": false,
      "overview": "Jack is a young boy of 5 years old who has lived all his life in one room. He believes everything within it are the only real things in the world. But what will happen when his Ma suddenly tells him that there are other things outside of Room?",
      "release_date": "2015-10-16",
      "id": 264644,
      "original_title": "Room",
      "original_language": "en",
      "title": "Room",
      "backdrop_path": "http://image.tmdb.org/t/p/w300/tBhp8MGaiL3BXpPCSl5xY397sGH.jpg",
      "popularity": 5.681864,
      "vote_count": 1165,
      "video": false,
      "vote_average": 8.06,
      "genres": [
        "Drama",
        "Thriller"
      ]
    },
    {
      "poster_path": "http://image.tmdb.org/t/p/w300/1hRoyzDtpgMU7Dz4JF22RANzQO7.jpg",
      "adult": false,
      "overview": "Batman raises the stakes in his war on crime. With the help of Lt. Jim Gordon and District Attorney Harvey Dent, Batman sets out to dismantle the remaining criminal organizations that plague the streets. The partnership proves to be effective, but they soon find themselves prey to a reign of chaos unleashed by a rising criminal mastermind known to the terrified citizens of Gotham as the Joker.",
      "release_date": "2008-07-16",
      "id": 155,
      "original_title": "The Dark Knight",
      "original_language": "en",
      "title": "The Dark Knight",
      "backdrop_path": "http://image.tmdb.org/t/p/w300/nnMC0BM6XbjIIrT4miYmMtPGcQV.jpg",
      "popularity": 8.891058,
      "vote_count": 7724,
      "video": false,
      "vote_average": 8.06,
      "genres": [
        "Drama",
        "Action",
        "Crime",
        "Thriller"
      ]
    },
    {
      "poster_path": "http://image.tmdb.org/t/p/w300/811DjJTon9gD6hZ8nCjSitaIXFQ.jpg",
      "adult": false,
      "overview": "A ticking-time-bomb insomniac and a slippery soap salesman channel primal male aggression into a shocking new form of therapy. Their concept catches on, with underground \"fight clubs\" forming in every town, until an eccentric gets in the way and ignites an out-of-control spiral toward oblivion.",
      "release_date": "1999-10-14",
      "id": 550,
      "original_title": "Fight Club",
      "original_language": "en",
      "title": "Fight Club",
      "backdrop_path": "http://image.tmdb.org/t/p/w300/8uO0gUM8aNqYLs1OsTBQiXu0fEv.jpg",
      "popularity": 5.833025,
      "vote_count": 5202,
      "video": false,
      "vote_average": 8.05,
      "genres": [
        "Drama"
      ]
    },
    {
      "poster_path": "http://image.tmdb.org/t/p/w300/dM2w364MScsjFf8pfMbaWUcWrR.jpg",
      "adult": false,
      "overview": "A burger-loving hit man, his philosophical partner, a drug-addled gangster's moll and a washed-up boxer converge in this sprawling, comedic crime caper. Their adventures unfurl in three stories that ingeniously trip back and forth in time.",
      "release_date": "1994-10-14",
      "id": 680,
      "original_title": "Pulp Fiction",
      "original_language": "en",
      "title": "Pulp Fiction",
      "backdrop_path": "http://image.tmdb.org/t/p/w300/mte63qJaVnoxkkXbHkdFujBnBgd.jpg",
      "popularity": 8.100954,
      "vote_count": 4704,
      "video": false,
      "vote_average": 8.04,
      "genres": [
        "Thriller",
        "Crime"
      ]
    },
    {
      "poster_path": "http://image.tmdb.org/t/p/w300/3TpMBcAYH4cxCw5WoRacWodMTCG.jpg",
      "adult": false,
      "overview": "An urban office worker finds that paper airplanes are instrumental in meeting a girl in ways he never expected.",
      "release_date": "2012-11-02",
      "id": 140420,
      "original_title": "Paperman",
      "original_language": "en",
      "title": "Paperman",
      "backdrop_path": "http://image.tmdb.org/t/p/w300/cqn1ynw78Wan37jzs1Ckm7va97G.jpg",
      "popularity": 3.229622,
      "vote_count": 450,
      "video": false,
      "vote_average": 8.04,
      "genres": [
        "Animation",
        "Family",
        "Romance"
      ]
    },
    {
      "poster_path": "http://image.tmdb.org/t/p/w300/pwpGfTImTGifEGgLb3s6LRPd4I6.jpg",
      "adult": false,
      "overview": "Henry Hill is a small time gangster, who takes part in a robbery with Jimmy Conway and Tommy De Vito, two other gangsters who have set their sights a bit higher. His two partners kill off everyone else involved in the robbery, and slowly start to climb up through the hierarchy of the Mob. Henry, however, is badly affected by his partners success, but will he stoop low enough to bring about the downfall of Jimmy and Tommy?",
      "release_date": "1990-09-12",
      "id": 769,
      "original_title": "Goodfellas",
      "original_language": "en",
      "title": "Goodfellas",
      "backdrop_path": "http://image.tmdb.org/t/p/w300/xDEOxA01480uLTWuvQCw61VmDBt.jpg",
      "popularity": 4.37321,
      "vote_count": 1517,
      "video": false,
      "vote_average": 8.03,
      "genres": [
        "Drama",
        "Crime"
      ]
    },
    {
      "poster_path": "http://image.tmdb.org/t/p/w300/qcL1YfkCxfhsdO6sDDJ0PpzMF9n.jpg",
      "adult": false,
      "overview": "The defense and the prosecution have rested and the jury is filing into the jury room to decide if a young Spanish-American is guilty or innocent of murdering his father. What begins as an open and shut case soon becomes a mini-drama of each of the jurors' prejudices and preconceptions about the trial, the accused, and each other.",
      "release_date": "1957-03-25",
      "id": 389,
      "original_title": "12 Angry Men",
      "original_language": "en",
      "title": "12 Angry Men",
      "backdrop_path": "http://image.tmdb.org/t/p/w300/lH2Ga8OzjU1XlxJ73shOlPx6cRw.jpg",
      "popularity": 4.489828,
      "vote_count": 1127,
      "video": false,
      "vote_average": 8.02,
      "genres": [
        "Drama"
      ]
    },
    {
      "poster_path": "http://image.tmdb.org/t/p/w300/aAmfIX3TT40zUHGcCKrlOZRKC7u.jpg",
      "adult": false,
      "overview": "Growing up can be a bumpy road, and it's no exception for Riley, who is uprooted from her Midwest life when her father starts a new job in San Francisco. Like all of us, Riley is guided by her emotions - Joy, Fear, Anger, Disgust and Sadness. The emotions live in Headquarters, the control center inside Riley's mind, where they help advise her through everyday life. As Riley and her emotions struggle to adjust to a new life in San Francisco, turmoil ensues in Headquarters. Although Joy, Riley's main and most important emotion, tries to keep things positive, the emotions conflict on how best to navigate a new city, house and school.",
      "release_date": "2015-06-09",
      "id": 150540,
      "original_title": "Inside Out",
      "original_language": "en",
      "title": "Inside Out",
      "backdrop_path": "http://image.tmdb.org/t/p/w300/szytSpLAyBh3ULei3x663mAv5ZT.jpg",
      "popularity": 7.852598,
      "vote_count": 3425,
      "video": false,
      "vote_average": 8.02,
      "genres": [
        "Comedy",
        "Animation",
        "Family"
      ]
    },
    {
      "poster_path": "http://image.tmdb.org/t/p/w300/z4ROnCrL77ZMzT0MsNXY5j25wS2.jpg",
      "adult": false,
      "overview": "A man with a low IQ has accomplished great things in his life and been present during significant historic events - in each case, far exceeding what anyone imagined he could do. Yet, despite all the things he has attained, his one true love eludes him. 'Forrest Gump' is the story of a man who rose above his challenges, and who proved that determination, courage, and love are more important than ability.",
      "release_date": "1994-07-06",
      "id": 13,
      "original_title": "Forrest Gump",
      "original_language": "en",
      "title": "Forrest Gump",
      "backdrop_path": "http://image.tmdb.org/t/p/w300/ctOEhQiFIHWkiaYp7b0ibSTe5IL.jpg",
      "popularity": 4.481783,
      "vote_count": 4262,
      "video": false,
      "vote_average": 8.02,
      "genres": [
        "Comedy",
        "Drama",
        "Romance"
      ]
    },
    {
      "poster_path": "http://image.tmdb.org/t/p/w300/qJ9ouIj4wN24asvKTUSAcJnSfrT.jpg",
      "adult": false,
      "overview": "This Oscar-winning animated short film tells the story of one man's love life as seen through the eyes of his best friend and dog, Winston, and revealed bite by bite through the meals they share.",
      "release_date": "2014-11-07",
      "id": 293299,
      "original_title": "Feast",
      "original_language": "en",
      "title": "Feast",
      "backdrop_path": "http://image.tmdb.org/t/p/w300/fCVPTB6VxfIy2xKGDLt9Ek5OJhm.jpg",
      "popularity": 2.336813,
      "vote_count": 296,
      "video": false,
      "vote_average": 8.01,
      "genres": [
        "Romance",
        "Comedy",
        "Animation",
        "Drama",
        "Family"
      ]
    },
    {
      "poster_path": "http://image.tmdb.org/t/p/w300/tpoaLlY0ZdVGDLToVwkGdWxLHRe.jpg",
      "adult": false,
      "overview": "A peculiar neighbor offers hope to a recent widow who is struggling to raise a teenager who is unpredictable and, sometimes, violent.",
      "release_date": "2014-05-22",
      "id": 265177,
      "original_title": "Mommy",
      "original_language": "en",
      "title": "Mommy",
      "backdrop_path": "http://image.tmdb.org/t/p/w300/ztBezkk2jDQMutGHIa57xvPc2OU.jpg",
      "popularity": 3.144637,
      "vote_count": 315,
      "video": false,
      "vote_average": 8,
      "genres": [
        "Drama"
      ]
    },
    {
      "poster_path": "http://image.tmdb.org/t/p/w300/A2rxR8g3y6kcjIoR2fcwtq9eppc.jpg",
      "adult": false,
      "overview": "Dignity. Poise. Mystery. We expect nothing less from the great turn-of-the-century magician, Presto. But when Presto neglects to feed his rabbit one too many times, the magician finds he isn't the only one with a few tricks up his sleeve!",
      "release_date": "2008-06-18",
      "id": 13042,
      "original_title": "Presto",
      "original_language": "en",
      "title": "Presto",
      "backdrop_path": "http://image.tmdb.org/t/p/w300/sFQ10h9DnjOYIF4HjtLQuZ8pnb4.jpg",
      "popularity": 1.863845,
      "vote_count": 257,
      "video": false,
      "vote_average": 8,
      "genres": [
        "Animation",
        "Family"
      ]
    },
    {
      "poster_path": "http://image.tmdb.org/t/p/w300/6u1fYtxG5eqjhtCPDx04pJphQRW.jpg",
      "adult": false,
      "overview": "The epic saga continues as Luke Skywalker, in hopes of defeating the evil Galactic Empire, learns the ways of the Jedi from aging master Yoda. But Darth Vader is more determined than ever to capture Luke. Meanwhile, rebel leader Princess Leia, cocky Han Solo, Chewbacca, and droids C-3PO and R2-D2 are thrown into various stages of capture, betrayal and despair.",
      "release_date": "1980-01-01",
      "id": 1891,
      "original_title": "The Empire Strikes Back",
      "original_language": "en",
      "title": "The Empire Strikes Back",
      "backdrop_path": "http://image.tmdb.org/t/p/w300/AkE7LQs2hPMG5tpWYcum847Knre.jpg",
      "popularity": 3.18844,
      "vote_count": 3550,
      "video": false,
      "vote_average": 8,
      "genres": [
        "Adventure",
        "Action",
        "Science Fiction"
      ]
    },
    {
      "poster_path": "http://image.tmdb.org/t/p/w300/lQy2QVcacuH55k37K9Ox0gw3YpZ.jpg",
      "adult": false,
      "overview": "In 2013, something terrible is awakening in London's National Gallery; in 1562, a murderous plot is afoot in Elizabethan England; and somewhere in space an ancient battle reaches its devastating conclusion. All of reality is at stake as the Doctor's own dangerous past comes back to haunt him.",
      "release_date": "2013-11-23",
      "id": 313106,
      "original_title": "Doctor Who: The Day of the Doctor",
      "original_language": "en",
      "title": "Doctor Who: The Day of the Doctor",
      "backdrop_path": "http://image.tmdb.org/t/p/w300/8bxjRFqFztBoXdVEx6q2u66a0s1.jpg",
      "popularity": 1.630301,
      "vote_count": 167,
      "video": false,
      "vote_average": 8,
      "genres": [
        "Science Fiction",
        "Adventure"
      ]
    },
    {
      "poster_path": "http://image.tmdb.org/t/p/w300/yRXTVpDRBA3983C3HjoY0SO4dV6.jpg",
      "adult": false,
      "overview": "Drawn from interviews with survivors of Easy Company, as well as their journals and letters, Band of Brothers chronicles the experiences of these men from paratrooper training in Georgia through the end of the war. As an elite rifle company parachuting into Normandy early on D-Day morning, participants in the Battle of the Bulge, and witness to the horrors of war, the men of Easy knew extraordinary bravery and extraordinary fear - and became the stuff of legend. Based on Stephen E. Ambrose's acclaimed book of the same name.",
      "release_date": "2001-09-09",
      "id": 331214,
      "original_title": "Band of Brothers",
      "original_language": "en",
      "title": "Band of Brothers",
      "backdrop_path": "http://image.tmdb.org/t/p/w300/x4cycTgAtBIy4TP0DBD2RhtKpol.jpg",
      "popularity": 1.542358,
      "vote_count": 247,
      "video": false,
      "vote_average": 8,
      "genres": [
        "Action",
        "Drama",
        "War"
      ]
    },
    {
      "poster_path": "http://image.tmdb.org/t/p/w300/noUp0XOqIcmgefRnRZa1nhtRvWO.jpg",
      "adult": false,
      "overview": "Based on the real life story of legendary cryptanalyst Alan Turing, the film portrays the nail-biting race against time by Turing and his brilliant team of code-breakers at Britain's top-secret Government Code and Cypher School at Bletchley Park, during the darkest days of World War II.",
      "release_date": "2014-11-14",
      "id": 205596,
      "original_title": "The Imitation Game",
      "original_language": "en",
      "title": "The Imitation Game",
      "backdrop_path": "http://image.tmdb.org/t/p/w300/qcb6z1HpokTOKdjqDTsnjJk0Xvg.jpg",
      "popularity": 7.022884,
      "vote_count": 3045,
      "video": false,
      "vote_average": 7.98,
      "genres": [
        "History",
        "Drama",
        "Thriller",
        "War"
      ]
    },
    {
      "poster_path": "http://image.tmdb.org/t/p/w300/y31QB9kn3XSudA15tV7UWQ9XLuW.jpg",
      "adult": false,
      "overview": "Light years from Earth, 26 years after being abducted, Peter Quill finds himself the prime target of a manhunt after discovering an orb wanted by Ronan the Accuser.",
      "release_date": "2014-07-30",
      "id": 118340,
      "original_title": "Guardians of the Galaxy",
      "original_language": "en",
      "title": "Guardians of the Galaxy",
      "backdrop_path": "http://image.tmdb.org/t/p/w300/bHarw8xrmQeqf3t8HpuMY7zoK4x.jpg",
      "popularity": 10.486105,
      "vote_count": 4982,
      "video": false,
      "vote_average": 7.97,
      "genres": [
        "Action",
        "Science Fiction",
        "Adventure"
      ]
    },
    {
      "poster_path": "http://image.tmdb.org/t/p/w300/2Sns5oMb356JNdBHgBETjIpRYy9.jpg",
      "adult": false,
      "overview": "While serving time for insanity at a state mental hospital, implacable rabble-rouser Randle Patrick McMurphy inspires his fellow patients to rebel against the authoritarian rule of head nurse Mildred Ratched.",
      "release_date": "1975-11-18",
      "id": 510,
      "original_title": "One Flew Over the Cuckoo's Nest",
      "original_language": "en",
      "title": "One Flew Over the Cuckoo's Nest",
      "backdrop_path": "http://image.tmdb.org/t/p/w300/8qpUbdLQJHPnTi0DgnBGHZJokSz.jpg",
      "popularity": 3.698021,
      "vote_count": 1354,
      "video": false,
      "vote_average": 7.96,
      "genres": [
        "Drama"
      ]
    },
    {
      "poster_path": "http://image.tmdb.org/t/p/w300/uvNv23Arf2ZYtimiStSB2c1DAEX.jpg",
      "adult": false,
      "overview": "The story of the last Seal Child’s journey home. After their mother’s disappearance, Ben and Saoirse are sent to live with Granny in the city. When they resolve to return to their home by the sea, their journey becomes a race against time as they are drawn into a world Ben knows only from his mother’s folktales. But this is no bedtime story; these fairy folk have been in our world far too long. It soon becomes clear to Ben that Saoirse is the key to their survival.",
      "release_date": "2014-09-06",
      "id": 110416,
      "original_title": "Song of the Sea",
      "original_language": "en",
      "title": "Song of the Sea",
      "backdrop_path": "http://image.tmdb.org/t/p/w300/pmzR5Q8W0wbxpBV3lp548hBESiE.jpg",
      "popularity": 2.772654,
      "vote_count": 223,
      "video": false,
      "vote_average": 7.96,
      "genres": [
        "Family",
        "Animation",
        "Fantasy"
      ]
    },
    {
      "poster_path": "http://image.tmdb.org/t/p/w300/5M5bg79OV96Vb4O0fDjX5clxASG.jpg",
      "adult": false,
      "overview": "Everyone knows that the stork delivers babies, but where do the storks get the babies from? The answer lies up in the stratosphere, where cloud people sculpt babies from clouds and bring them to life. Gus, a lonely and insecure grey cloud, is a master at creating \"dangerous\" babies. Crocodiles, porcupines, rams and more - Gus's beloved creations are works of art, but more than a handful for his loyal delivery stork partner, Peck. As Gus's creations become more and more rambunctious, Peck's job gets harder and harder. How will Peck manage to handle both his hazardous cargo and his friend's fiery temperament?",
      "release_date": "2009-05-28",
      "id": 24480,
      "original_title": "Partly Cloudy",
      "original_language": "en",
      "title": "Partly Cloudy",
      "backdrop_path": "http://image.tmdb.org/t/p/w300/tsix4gtq4lx28I8vTuCH2BAy0A.jpg",
      "popularity": 2.165691,
      "vote_count": 197,
      "video": false,
      "vote_average": 7.96,
      "genres": [
        "Adventure",
        "Animation",
        "Comedy",
        "Family",
        "Fantasy"
      ]
    },
    {
      "poster_path": "http://image.tmdb.org/t/p/w300/3yJUlOtVa09CYJocwBU8eAryja0.jpg",
      "adult": false,
      "overview": "A supernatural tale set on death row in a Southern prison, where gentle giant John Coffey possesses the mysterious power to heal people's ailments. When the cellblock's head guard, Paul Edgecomb, recognizes Coffey's miraculous gift, he tries desperately to help stave off the condemned man's execution.",
      "release_date": "1999-12-10",
      "id": 497,
      "original_title": "The Green Mile",
      "original_language": "en",
      "title": "The Green Mile",
      "backdrop_path": "http://image.tmdb.org/t/p/w300/dATygzDbQGJWlolx2vebgqFYAKO.jpg",
      "popularity": 2.768194,
      "vote_count": 2032,
      "video": false,
      "vote_average": 7.95,
      "genres": [
        "Fantasy",
        "Drama",
        "Crime"
      ]
    },
    {
      "poster_path": "http://image.tmdb.org/t/p/w300/tohC9Ytf7akG9tJcdLIRtW6QL8b.jpg",
      "adult": false,
      "overview": "Sherlock Holmes and Dr. Watson find themselves in 1890s London in this holiday special.",
      "release_date": "2016-01-01",
      "id": 379170,
      "original_title": "Sherlock: The Abominable Bride",
      "original_language": "en",
      "title": "Sherlock: The Abominable Bride",
      "backdrop_path": "http://image.tmdb.org/t/p/w300/nxc9naASvhPWdWeI7lkbkawirm1.jpg",
      "popularity": 2.653943,
      "vote_count": 246,
      "video": false,
      "vote_average": 7.95,
      "genres": [
        "Crime",
        "Drama",
        "Mystery"
      ]
    },
    {
      "poster_path": "http://image.tmdb.org/t/p/w300/nX5XotM9yprCKarRH4fzOq1VM1J.jpg",
      "adult": false,
      "overview": "The Grand Budapest Hotel tells of a legendary concierge at a famous European hotel between the wars and his friendship with a young employee who becomes his trusted protégé. The story involves the theft and recovery of a priceless Renaissance painting, the battle for an enormous family fortune and the slow and then sudden upheavals that transformed Europe during the first half of the 20th century.",
      "release_date": "2014-02-26",
      "id": 120467,
      "original_title": "The Grand Budapest Hotel",
      "original_language": "en",
      "title": "The Grand Budapest Hotel",
      "backdrop_path": "http://image.tmdb.org/t/p/w300/n0wbp66glvDXp7aZLHcu2r97MFl.jpg",
      "popularity": 3.873778,
      "vote_count": 2445,
      "video": false,
      "vote_average": 7.94,
      "genres": [
        "Comedy",
        "Drama"
      ]
    },
    {
      "poster_path": "http://image.tmdb.org/t/p/w300/fXepRAYOx1qC3wju7XdDGx60775.jpg",
      "adult": false,
      "overview": "Derek Vineyard is paroled after serving 3 years in prison for killing two thugs who tried to break into/steal his truck. Through his brother, Danny Vineyard's narration, we learn that before going to prison, Derek was a skinhead and the leader of a violent white supremacist gang that committed acts of racial crime throughout L.A. and his actions greatly influenced Danny. Reformed and fresh out of prison, Derek severs contact with the gang and becomes determined to keep Danny from going down the same violent path as he did.",
      "release_date": "1998-10-30",
      "id": 73,
      "original_title": "American History X",
      "original_language": "en",
      "title": "American History X",
      "backdrop_path": "http://image.tmdb.org/t/p/w300/i9A0UMFg1hI2kLyCCwnmSbpT2cd.jpg",
      "popularity": 4.232103,
      "vote_count": 1359,
      "video": false,
      "vote_average": 7.93,
      "genres": [
        "Drama"
      ]
    },
    {
      "poster_path": "http://image.tmdb.org/t/p/w300/gdiLTof3rbPDAmPaCf4g6op46bj.jpg",
      "adult": false,
      "overview": "With his wife's disappearance having become the focus of an intense media circus, a man sees the spotlight turned on him when it's suspected that he may not be innocent.",
      "release_date": "2014-10-01",
      "id": 210577,
      "original_title": "Gone Girl",
      "original_language": "en",
      "title": "Gone Girl",
      "backdrop_path": "http://image.tmdb.org/t/p/w300/bt6DhdALyhf90gReozoQ0y3R3vZ.jpg",
      "popularity": 7.34102,
      "vote_count": 3355,
      "video": false,
      "vote_average": 7.93,
      "genres": [
        "Mystery",
        "Thriller",
        "Drama"
      ]
    },
    {
      "poster_path": "http://image.tmdb.org/t/p/w300/vK1o5rZGqxyovfIhZyMELhk03wO.jpg",
      "adult": false,
      "overview": "A New York stockbroker refuses to cooperate in a large securities fraud case involving corruption on Wall Street, corporate banking world and mob infiltration. Based on Jordan Belfort's autobiography.",
      "release_date": "2013-12-25",
      "id": 106646,
      "original_title": "The Wolf of Wall Street",
      "original_language": "en",
      "title": "The Wolf of Wall Street",
      "backdrop_path": "http://image.tmdb.org/t/p/w300/dYtAyg4vD88hIfrR1VKDnVGhnE6.jpg",
      "popularity": 4.907289,
      "vote_count": 3592,
      "video": false,
      "vote_average": 7.92,
      "genres": [
        "Crime",
        "Drama",
        "Comedy"
      ]
    },
    {
      "poster_path": "http://image.tmdb.org/t/p/w300/jgJoRWltoS17nD5MAQ1yK2Ztefw.jpg",
      "adult": false,
      "overview": "A sole survivor tells of the twisty events leading up to a horrific gun battle on a boat, which begin when five criminals meet at a seemingly random police lineup.",
      "release_date": "1995-07-19",
      "id": 629,
      "original_title": "The Usual Suspects",
      "original_language": "en",
      "title": "The Usual Suspects",
      "backdrop_path": "http://image.tmdb.org/t/p/w300/c7e3nH3wtSBDrHRB63onrGptl6D.jpg",
      "popularity": 3.634163,
      "vote_count": 1655,
      "video": false,
      "vote_average": 7.92,
      "genres": [
        "Drama",
        "Crime",
        "Thriller"
      ]
    },
    {
      "poster_path": "http://image.tmdb.org/t/p/w300/4ZP1DHlqlp83DH2lqCdqpU2g51c.jpg",
      "adult": false,
      "overview": "When larcenous real estate clerk Marion Crane goes on the lam with a wad of cash and hopes of starting a new life, she ends up at the notorious Bates Motel, where manager Norman Bates cares for his housebound mother. The place seems quirky, but fine… until Marion decides to take a shower.",
      "release_date": "1960-08-14",
      "id": 539,
      "original_title": "Psycho",
      "original_language": "en",
      "title": "Psycho",
      "backdrop_path": "http://image.tmdb.org/t/p/w300/3md49VBCeqY6MSNyAVY6d5eC6bA.jpg",
      "popularity": 3.363115,
      "vote_count": 979,
      "video": false,
      "vote_average": 7.9,
      "genres": [
        "Drama",
        "Horror",
        "Thriller"
      ]
    },
    {
      "poster_path": "http://image.tmdb.org/t/p/w300/qmDpIHrmpJINaRKAfWQfftjCdyi.jpg",
      "adult": false,
      "overview": "Cobb, a skilled thief who commits corporate espionage by infiltrating the subconscious of his targets is offered a chance to regain his old life as payment for a task considered to be impossible: \"inception\", the implantation of another person's idea into a target's subconscious.",
      "release_date": "2010-07-14",
      "id": 27205,
      "original_title": "Inception",
      "original_language": "en",
      "title": "Inception",
      "backdrop_path": "http://image.tmdb.org/t/p/w300/s2bT29y0ngXxxu2IA8AOzzXTRhd.jpg",
      "popularity": 6.100583,
      "vote_count": 9007,
      "video": false,
      "vote_average": 7.89,
      "genres": [
        "Action",
        "Thriller",
        "Science Fiction",
        "Mystery",
        "Adventure"
      ]
    },
    {
      "poster_path": "http://image.tmdb.org/t/p/w300/zgB9CCTDlXRv50Z70ZI4elJtNEk.jpg",
      "adult": false,
      "overview": "Two homicide detectives are on a desperate hunt for a serial killer whose crimes are based on the \"seven deadly sins\" in this dark and haunting film that takes viewers from the tortured remains of one victim to the next. The seasoned Det. Sommerset researches each sin in an effort to get inside the killer's mind, while his novice partner, Mills, scoffs at his efforts to unravel the case.",
      "release_date": "1995-09-22",
      "id": 807,
      "original_title": "Se7en",
      "original_language": "en",
      "title": "Se7en",
      "backdrop_path": "http://image.tmdb.org/t/p/w300/ba4CpvnaxvAgff2jHiaqJrVpZJ5.jpg",
      "popularity": 5.692133,
      "vote_count": 3154,
      "video": false,
      "vote_average": 7.89,
      "genres": [
        "Crime",
        "Mystery",
        "Thriller"
      ]
    },
    {
      "poster_path": "http://image.tmdb.org/t/p/w300/m4ZCx2Iwr418IGPxRfoKnpumz9X.jpg",
      "adult": false,
      "overview": "The Tramp struggles to live in modern industrial society with the help of a young homeless woman.",
      "release_date": "1936-02-05",
      "id": 3082,
      "original_title": "Modern Times",
      "original_language": "en",
      "title": "Modern Times",
      "backdrop_path": "http://image.tmdb.org/t/p/w300/s58uDwuyVMqgsbmnfyrbpfF147.jpg",
      "popularity": 2.907009,
      "vote_count": 408,
      "video": false,
      "vote_average": 7.89,
      "genres": [
        "Drama",
        "Comedy"
      ]
    },
    {
      "poster_path": "http://image.tmdb.org/t/p/w300/tdvyi9asDeOF65MwTqNNMoAhqP4.jpg",
      "adult": false,
      "overview": "What lengths will a robot undergo to do his job? BURN•E is a dedicated hard working robot who finds himself locked out of his ship. BURN•E quickly learns that completing a simple task can often be a very difficult endeavor.",
      "release_date": "2008-11-17",
      "id": 13413,
      "original_title": "BURN•E",
      "original_language": "en",
      "title": "BURN•E",
      "backdrop_path": "http://image.tmdb.org/t/p/w300/us64LmtSBNELHIprKB7CSt8MEvC.jpg",
      "popularity": 2.614863,
      "vote_count": 179,
      "video": false,
      "vote_average": 7.89,
      "genres": [
        "Animation",
        "Family"
      ]
    },
    {
      "poster_path": "http://image.tmdb.org/t/p/w300/4ctv9pxKpwjTFevWQbvaqXkXbPF.jpg",
      "adult": false,
      "overview": "A botched robbery indicates a police informant, and the pressure mounts in the aftermath at a warehouse. Crime begets violence as the survivors -- veteran Mr. White, newcomer Mr. Orange, psychopathic parolee Mr. Blonde, bickering weasel Mr. Pink and Nice Guy Eddie -- unravel.",
      "release_date": "1992-06-25",
      "id": 500,
      "original_title": "Reservoir Dogs",
      "original_language": "en",
      "title": "Reservoir Dogs",
      "backdrop_path": "http://image.tmdb.org/t/p/w300/gjOiE5EYH5sqcJYlSDZnVWRMgNV.jpg",
      "popularity": 5.434518,
      "vote_count": 1725,
      "video": false,
      "vote_average": 7.88,
      "genres": [
        "Crime",
        "Thriller"
      ]
    },
    {
      "poster_path": "http://image.tmdb.org/t/p/w300/rbx0k8IYSrBx9YhG7q3ZbVprAEx.jpg",
      "adult": false,
      "overview": "City Lights is the first silent film that Charlie Chaplin directed after he established himself with sound accompanied films. The film is about a penniless man who falls in love with a flower girl. The film was a great success and today is deemed a cult classic.",
      "release_date": "1931-01-30",
      "id": 901,
      "original_title": "City Lights",
      "original_language": "en",
      "title": "City Lights",
      "backdrop_path": "http://image.tmdb.org/t/p/w300/57pbj8Ch2VzzikD2kyNXFJ3YpMW.jpg",
      "popularity": 2.171812,
      "vote_count": 178,
      "video": false,
      "vote_average": 7.87,
      "genres": [
        "Comedy",
        "Drama",
        "Romance"
      ]
    },
    {
      "poster_path": "http://image.tmdb.org/t/p/w300/iunmxWkOi7Vk17Ob3G2HwwjgHsr.jpg",
      "adult": false,
      "overview": "The Pianist is a film adapted from the biography of Wladyslaw Szpilman. A Jewish-Polish pianist who during the second world war lived and hid miraculously in Warsaw after having gone through a terrible tragedy. A film from Roman Polanski.",
      "release_date": "2002-09-24",
      "id": 423,
      "original_title": "The Pianist",
      "original_language": "en",
      "title": "The Pianist",
      "backdrop_path": "http://image.tmdb.org/t/p/w300/xUR95VFV1UTyzS1C8Lj06hi2n2M.jpg",
      "popularity": 3.114105,
      "vote_count": 786,
      "video": false,
      "vote_average": 7.87,
      "genres": [
        "Drama",
        "War"
      ]
    },
    {
      "poster_path": "http://image.tmdb.org/t/p/w300/3Ri2GReavqSHqWemlP6HYn8i2P9.jpg",
      "adult": false,
      "overview": "At an elite, old-fashioned boarding school in New England, a passionate English teacher inspires his students to rebel against convention and seize the potential of every day, courting the disdain of the stern headmaster.",
      "release_date": "1989-06-02",
      "id": 207,
      "original_title": "Dead Poets Society",
      "original_language": "en",
      "title": "Dead Poets Society",
      "backdrop_path": "http://image.tmdb.org/t/p/w300/3mjgFRPcGfGrA6aQFsSMgYzJAbG.jpg",
      "popularity": 4.182285,
      "vote_count": 1136,
      "video": false,
      "vote_average": 7.87,
      "genres": [
        "Drama"
      ]
    },
    {
      "poster_path": "http://image.tmdb.org/t/p/w300/py4pMp6QlKUjjzCk8icZ2GrYw3Z.jpg",
      "adult": false,
      "overview": "A young boy comes of age in the most peculiar of circumstances. Tonight is the very first time his Papa and Grandpa are taking him to work. In an old wooden boat they row far out to sea, and with no land in sight, they stop and wait. A big surprise awaits the boy as he discovers his family's most unusual line of work. Should he follow the example of his Papa, or his Grandpa? Will he be able to find his own way in the midst of their conflicting opinions and timeworn traditions?",
      "release_date": "2011-01-01",
      "id": 83564,
      "original_title": "La luna",
      "original_language": "en",
      "title": "La luna",
      "backdrop_path": "http://image.tmdb.org/t/p/w300/p4lpdTn3nW8nZBzyAU5kbb7PPBr.jpg",
      "popularity": 2.25335,
      "vote_count": 149,
      "video": false,
      "vote_average": 7.87,
      "genres": [
        "Animation",
        "Comedy",
        "Family",
        "Fantasy"
      ]
    }
  ]
}